ts	phase	decision	why	evidence	result
2026-09-18T21:04:07Z	frame	Keep CORE tasks in stable-ID order and preserve acceptance gates	The consolidated source still lists 37 unaccepted tasks	docs/core-task-coverage.json	open
2026-09-18T21:04:07Z	CORE-01.T02	Reproduce acceptance of empty provider identities before changing constructors	Issue 122 requires nonempty values without Unicode or case normalization	crates/intent-contracts/tests/provider_identifiers.rs	Two tests failed because empty identifiers were accepted
2026-09-19T02:32:31Z	verification	Retain native Windows implementations and leave three tested agent patches separate	The user deadline passed during a pending Docker approval; unreviewed patches must not be represented as integrated	docs/core-native-progress.md	CORE acceptance remains open
2026-09-19T02:35:00Z	CORE-01	Integrate validated provider identifiers and spending amounts plus symmetric IPC encoding limits	Constructor and wire boundaries previously accepted invalid identities or unbounded structure	core-portable-tests.log	Portable tests passed
2026-09-19T02:35:00Z	CORE-02	Use Windows directory handles with real flush results	Non-Unix artifact storage previously returned Unsupported	core-windows-state.log	60 native state tests passed; power-loss qualification remains open
2026-09-19T02:35:00Z	CORE-01.T06	Verify both named-pipe peer process IDs with a real child process	Windows transport identity needed native process evidence	crates/intent-local-transport/tests/windows_named_pipe.rs	Integrated transport tests and strict Clippy passed
2026-09-19T02:35:00Z	verification	Revert exploratory suppression-error assertion after reproducing the defect	The stop deadline had passed before its implementation was completed	docs/core-native-progress.md	Existing behavior retained; defect documented
2026-09-19T03:20:20Z	resume	Integrate the three pending IPC, recovery accounting and process observation patches	Each patch applied cleanly and the combined native Windows workspace passed	target/resume-windows-tests.log	Windows tests passed; Linux verification underway
2026-09-19T03:20:20Z	CORE-02	Recognize suppressed artifact metadata before parsing the legacy size sentinel	Normal suppression was reported as database corruption; suppressed IDs must remain unavailable for republishing	target/resume-suppression-before-local.log; target/resume-state-after.log	Regression reproduced; 72 native Windows state tests passed
2026-09-19T03:20:20Z	verification	Use a workspace-local Windows build directory and a native Linux Docker build volume	An unrelated project held the global Cargo lock and Linux bind-mount verification suffered repeated fixture timeouts	target/resume-linux-tests.log; target/resume-linux-broker-isolated.log	Initial Linux run stopped; isolated native-filesystem rerun underway
2026-09-19T08:39:01Z	CORE-01.T01	Restore the formatting and Windows junction-fixture baseline without weakening validation	Formatting prevented all native CI and an unresolved DOS path alias prevented the Windows traversal assertion from running	https://github.com/Jordan-Hall/browser/pull/815; https://github.com/Jordan-Hall/browser/actions/runs/35432412539	All four CI jobs passed at 87b8377fbf46d040e93877760f0d21c999b2f066; merged as c298cef9749092aefc0a745191bc9b1aaaa814de; acceptance unchanged
2026-09-19T08:49:04Z	CORE-01.T06	Preserve same-major newer-minor documents as opaque exact bytes and deny writable reinterpretation	The access-assessment enum alone did not provide the preserving import path required by issue 126	crates/intent-ipc/tests/document_import.rs; docs/core-schema-preservation.md	Six regression tests, two new compile-fail doctests, targeted IPC/conformance tests, workspace Clippy and 21 Python tests passed locally; native CI and instrumented fuzzing still required
2026-09-19T09:11:13Z	CORE-01.T06	Address automated review: validate future numeric syntax without f64 conversion	Valid future JSON such as 1e400 was rejected before the preserving read path	crates/intent-ipc/src/document_syntax.rs; crates/intent-ipc/tests/document_import.rs; PR #816 review 4052716240	Regression reproduced; nine import tests, full workspace tests, Clippy, doctests, conformance, architecture and 21 Python tests passed locally; 91-seed fuzz target compiles; fresh native CI and fuzz execution required
2026-09-19T09:50:30Z	CORE-01.T01	Use rust-toolchain.toml as the CI toolchain source of truth, pin CI actions, and test the real architecture checker with a target-specific aliased dependency	Issue #121 review required toolchain-drift coverage, immutable action revisions and a real alias/target-specific negative fixture	https://github.com/Jordan-Hall/browser/pull/817; https://github.com/Jordan-Hall/browser/actions/runs/35435686134; head 7baca2b8a7f02bc87453d3f03a7a611835566213	Linux, Windows and macOS CI passed; merged as 252570ece2feb8089582c26518551ca4ae88298c. Codex review was requested but unavailable because review quota was exhausted; independent task acceptance remains open
2026-09-19T10:34:00Z	CORE-01.T02	Add typed profile identity and checked size narrowing with generated direct-JSON/envelope regressions	Parent #2 requires profile/account/task separation and malformed value rejection without granting authority	PR #819; source bdab42d95fd342954059fc2a7ca628cbaafb3bce; CI 35437459115; fuzz 35437459083; docs/verification/core-typed-values-20260919.json	Pinned locked local checks, three native platforms and three bounded instrumented fuzz targets passed; Codex review quota blocked independent review; no task acceptance
2026-09-19T10:50:00Z	CORE-01.T03	Require proposal, approval and durable operation identity to agree before outbox staging, and fail closed on undurable targets	Issue #123/#131 require identical bytes rebound to another account/capability/target to remain unauthorized and rejected attempts to leave no dispatch residue	PR #820; source b9761a812d12a397c0fa6e0713086a94f8ab3ad8; CI 35438351443; fuzz 35438351365; crates/intent-state/src/authorized_dispatch.rs	Exact source passed strict workspace checks plus Ubuntu 24.04, Windows 2025 and macOS 15 native jobs and all three bounded instrumented fuzz targets; raw stage_outbox visibility, durable target/source preconditions/canonicalization binding and independent acceptance remain open
2026-09-19T10:58:00Z	CORE-01.T03	Supersede the first green record-binding increment by hashing and sizing the actual staged payload and renaming the entry point as record binding	Source review found that the previous green head compared stored digests but never proved NewOutboxMessage.payload was the canonical artifact; an Approved DTO is also not executable user authority	PR #820; source 579d12c94d336edb40239ffbfed7e0dcf33d7c89; CI 35438741589; fuzz 35438741631; PR comment 5741203117	Exact payload bytes and size now bind to the canonical artifact; same-size and different-size rebound payloads leave no outbox/journal residue. Pinned workspace checks and native Ubuntu/Windows/macOS CI plus all three bounded fuzz targets passed. Destination binding, raw stage_outbox visibility, durable target/source preconditions/canonicalization version, runtime authority and independent acceptance remain open
2026-09-19T11:11:00Z	CORE-01.T03	Bind persisted staging time to validation time and reject staging before the latest durable transition	Two regressions reproduced approval-expiry bypass through mismatched timestamps and backwards operation time; bound oversized payload work before hashing	PR #820; source 24cca47273cca5b7e6480ff281a56af2bbc142e6; CI 35439127274; fuzz 35439127267; docs/verification/core-outbox-binding-20260919.json	Seven additional regression tests and the full pinned locked workspace passed, including rollback and file-backed imported-record dispatch denial; native Linux/Windows/macOS and three instrumented parser fuzz targets passed; all 37 tasks remain unaccepted
